id,x0,x1,len,clasteId,len(rnnk),kNN,reverskNN,
A,4.2,4,5.8,1,2,[,B;C;],[,1;2;],
B,5.9,3.9,7.07248,1,1,[,A;C;],[,0;],
C,2.8,3.5,4.48219,1,4,[,A;H;],[,0;1;5;7;],
D,12,1.3,12.0702,2,2,[,I;J;],[,8;9;],
E,10,1.3,10.0841,-1,0,[,J;I;],[,],
F,1.1,3,3.19531,1,3,[,G;C;],[,6;7;11;],
G,0,2.4,2.4,1,1,[,F;L;],[,5;],
H,2.4,2,3.1241,1,3,[,C;F;],[,2;10;11;],
I,11.5,1.8,11.64,2,3,[,D;J;],[,3;4;9;],
J,11,1,11.0454,2,3,[,I;D;],[,3;4;8;],
K,0.9,0,0.9,-1,0,[,L;H;],[,],
L,1,1.5,1.80278,3,2,[,F;H;],[,6;10;],
